threshold,iou,dice,precision,recall,macro_iou,macro_dice,summary
0.35,0.8215272438977513,0.9020202653020176,0.8766495542438167,0.9289032258064516,0.80676230034323,0.8908644849689645,outputs\imagenet_experiments_20260520\threshold_sweep\t0.35\summary.json
0.4,0.8237220224909516,0.9033416412506348,0.8833509661255671,0.924258064516129,0.8088730555378219,0.8921426863203797,outputs\imagenet_experiments_20260520\threshold_sweep\t0.40\summary.json
0.45,0.8255376262087057,0.9044323319954685,0.8903495785712876,0.9189677419354839,0.8104181418395198,0.8930483528048462,outputs\imagenet_experiments_20260520\threshold_sweep\t0.45\summary.json
0.5,0.8267418920663016,0.905154576743341,0.8969136090571472,0.9135483870967742,0.8115323721667737,0.8937186055730181,outputs\imagenet_experiments_20260520\threshold_sweep\t0.50\summary.json
0.55,0.8270464570972512,0.905337085310063,0.9028576059867217,0.907830220713073,0.8118220263997424,0.8938785805184079,outputs\imagenet_experiments_20260520\threshold_sweep\t0.55\summary.json
0.6,0.8269967066557926,0.9053072768473243,0.908511438634887,0.9021256366723259,0.8117580955588453,0.8938130861795209,outputs\imagenet_experiments_20260520\threshold_sweep\t0.60\summary.json
0.65,0.8265726375176304,0.9050531257721769,0.9148361940971595,0.8954770797962649,0.8111154504787289,0.8933825189827931,outputs\imagenet_experiments_20260520\threshold_sweep\t0.65\summary.json
